Restaurant Name,cuisine,location,avg_price,price_norm
2020 multicuisine restro tandoori  pizza hub,multi cuisine,lainchaur,442.95072463768116,0.9928335857020905
24 hours chinese  japanese cuisine,chinese  japanese,thamel,2059.578313253012,0.9656983160567603
3d art restaurant  boudha,fast food,boudha bus stop,491.54040404040404,0.9920180026563363
4 corners  detroit style pizza,italian,sanepa,754.5138888888889,0.9876039641534751
a cafe  anamnagar,multi cuisine,anamnagar,390.43243243243245,0.9937151109403937
a cafe  shiva chowk,multi cuisine,shiva chowk gokarneshwor,390.4120879120879,0.9937154524253771
a cafe  teku,multi cuisine,teku,381.32911392405066,0.9938679111302035
a one cafe  boudha,multi cuisine,boudha,432.9017857142857,0.9930022582332635
a one cafe  dhumbarahi,multi cuisine,dhumbarahi near sankha park,573.348623853211,0.9906448428021696
a one cafe  nayabazar,multi cuisine,nayabazar,466.79824561403507,0.9924333024725928
a one cafe  sankhamul,multi cuisine,sankhamul,382.3751219512195,0.993850353771868
a one cafe sekuwa  burger house sukedhara,multi cuisine,sukedhara,540.3429752066115,0.9911988461992114
a one tajmahal food cafe,multi cuisine,basundhara,287.8385416666667,0.9954371605388898
aamas kitchen,biryani  tandoori  kathi roll,chhetrapati,549.051724137931,0.9910526689026041
achaar ghar  kamalpokhari,nepali,kamalpokhari,590.9090909090909,0.9903500884555193
achaar ghar bhaisepati,nepali,bhaisepati,590.9090909090909,0.9903500884555193
aero lounge  bar,multi cuisine,airport gate sinamangal,486.5966386554622,0.9921009842952297
ageno thakali  momo station,multi cuisine,boudha,324.5378151260504,0.9948211592482269
ai la lounge,multi cuisine,kumaripati,545.7411764705882,0.9911082368047354
alchemy pizzeria,italian,thamel,859.1265151515152,0.9858480298604237
alchemy restaurant,fast food indian,soltimode kalimati,634.1538461538462,0.9896242205422309
alev kebab sultanate,middle eastern cuisine  halal,tangal,846.9010989010989,0.9860532347999025
alice restaurant  bakhundol,nepali,bakhundol,528.6125654450262,0.991395742401016
alice restaurantgairidhara,nepali,gairidhara,530.283422459893,0.9913676968845616
alobar 1000,tibetan  nepali  bhutanese,thamel,384.22727272727275,0.993819265219943
aloft kathmandu,multi cuisine,chhaya devi complex thamel,1249.0393700787401,0.9793033002448089
always happy food co vegan vegetarian,vegan  veg,mandala street thamel,513.4051724137931,0.9916510001446122
ambience lounge  restro,multi cuisine,satdobato salesberry buliding,549.8514492753624,0.9910392454293198
amore pizza  koteshwor,italian,koteshwor,430.37735849056605,0.9930446310183737
anatolia  halal,indian  turkish halal,jp road thamel,660.6451612903226,0.9891795609406318
angan  baluwatar,indian,baluwatar,636.6098901098901,0.9895829955776951
angan  battisputali,indian,battispputali,768.9212598425197,0.9873621348673363
angan  boudha,indian,boudha,323.2264957264957,0.9948431698867616
angan  kamalpokhari,indian,kamal pokhari,339.501976284585,0.9945699841780299
angan  lazimpat,indian,lazimpat,616.3418367346939,0.9899231970547668
angan  new baneshwor,indian,new baneshwor kathmandu,307.2752808988764,0.9951109127599911
angan  new road,indian,new road,303.9528795811518,0.9951666796269315
angan  putalisadak,indian,putalisadak,293.88535031847135,0.9953356641989682
angan sanepa,indian,sanepa,638.3571428571429,0.9895536677505757
angan tripureshwor,indian,tripureshwor,582.733606557377,0.990487314848244
aniyor veg  vegan restaurant,indian,thamel,407.9447852760736,0.9934211641960211
annakoot vegvegan restaurant,veg and vegan,thamel,349.36507936507934,0.9944044309216622
annapurna sweets  fast food,indian veg,patan dhoka,324.1115702479339,0.9948283138147975
anupam foodland,multi cuisine,gaushala,372.0952380952381,0.9940229027388158
arabica  boudha,italian,boudha,615.1515151515151,0.989943176731813
arabica  durbarmarg,italian,durbarmarg,589.0410958904109,0.9903814429547775
aroma cafe,italian,jamal,497.1752136752137,0.9919234217646595
atrium,thai,jhamsikhel,504.4621848739496,0.9918011091617026
attic,multi cuisine,gyaneshwor,719.7142857142857,0.9881880792720982
avocado cafe,pizza  pasta,thirbum sadak baluwatar,717.1978021978022,0.9882303187212198
avocado cafe  thamel,multi cuisine,bhagwanbahal thamel,732.3694029850747,0.9879756617543257
baan thai  jawalakhel,thai,jawalakhel,741.7213114754098,0.9878186889546712
baardali cafe,italian,thamel,547.8604651162791,0.9910726643146566
bagaicha,italian multicuisine,bagaicha,764.0,0.9874447387482561
bajeko sekuwa  budanilkantha,sekuwa,bajeko sekwa  budanilkantha,542.6929824561404,0.9911594010723106
bajeko sekuwa  gairidhara,nepali,gairidhara,506.6666666666667,0.9917641066953988
bajeko sekuwa anamnagar,nepali,anamnagar,594.3783783783783,0.9902918560885726
bajeko sekuwa battisputali,sekuwa,battisputali,541.2727272727273,0.991183240209808
bajeko sekuwa sorhakhutte,nepali,sorhakhutte,565.6676033057851,0.9907737695662391
bajeko sekuwa sukedhara,nepali,sukedhara,506.0204081632653,0.991774954214564
bakes n cakes,bakery,golfutar,1574.527027027027,0.973839954574033
baking flower,bakery,kharibot kumarigal,601.1290322580645,0.9901785456300616
baluwakhani food station,multi cuisine,budhanilkantha 10 baluwakhani kapan,280.655737704918,0.9955577246834609
bar bar indian meal,fast food indian,kupondole,279.35955056179773,0.9955794813254278
barrfi sweets  baluwatar,indian sweets vegetarian,baluwatar,728.7460815047021,0.988036479598877
barrfi sweets  khichapokhari,sweets  veg,khichapokhari  new road,700.7840236686391,0.9885058257764154
barrfi sweets  kumaripati,indian  sweets  vegetarian,kumaripati,697.5595238095239,0.9885599493567406
base camp cafe by basera boutique hotel,multi cuisine,babarmahal,1054.483870967742,0.9825689354266758
basil cafe  lounge,multi cuisine,bg mall gongabu,688.4909090909091,0.9887121670396704
baskin robbins  bhaisepati,ice cream,bhaisepati,1585.4310344827586,0.9736569296246819
baskin robbins  lazimpat,ice cream,uttardhoka lazimpat,1408.482142857143,0.9766270359877781
baskin robbins lounge,ice cream,labim mall,1585.4310344827586,0.9736569296246819
batuki momo  laphing centre,multi cuisine,jalpa chowk baniyatar,211.7605633802817,0.9967141376667147
batuki momo  laphing centre  dhapasi,multi cuisine,dhapasi  6  greenland,218.06201550387595,0.9966083671084642
bawarchi babarmahal revisited,indian,babarmahal,868.0901369863014,0.9856975744944517
bawarchi rolls  biryani  babarmahal,indian cuisine,babarmahal,490.20454545454544,0.9920404251877781
beans for life,multi cuisine,golfutar kathmandu,352.0,0.9943602034926452
beer  nuts,multi cuisine,basantapur,328.57142857142856,0.9947534546084842
belgian waffles,waffles,durbarmarg,239.78571428571428,0.9962437324651546
belgian waffles  jhamsikhel,waffles,jhamsikhel,246.15384615384616,0.9961368426801507
bev lounge by indreni suite hotel,multi cuisine,new baneshwor,624.5038167938932,0.9897861973330587
bfc  bites fried chicken,fastfood,kumaripati,400.22222222222223,0.9935507882555726
bhetghat cafe,multi cuisine,tripureshwor bluebird mall,172.69767441860466,0.9973698125002789
bhetghat restaurant,nepali,hanumanthan anamnagar,331.0592105263158,0.9947116969181912
bhumi,newari,lazimpat,461.413768115942,0.9925236815121681
bhuse chulo,nepali,bakhundole,479.05405405405406,0.9922275873969109
big bake,bakery,baluwatar,743.8095238095239,0.9877836380838572
big boy breakfast,healthy breakfast,pulchowk  opposite of sajha petrol pump,573.3333333333334,0.9906450994552063
bigb real hamburger,fastfood,thamel,333.1607142857143,0.9946764229493602
biko thakali restaurant and bar,nepali and thakali cuisine,airport sinamangal,300.4320987654321,0.9952257763152902
biryani adda  tandoor  baluwatar,indian multi cuisine,baluwatar,621.4981818181818,0.9898366472425466
biryani adda  tandoor  kumaripati,biryani,kumaripati,628.1914110429448,0.989724300663105
biryani adda  tandoor mid baneshwor,indian multi cuisine,mid baneshwor,618.240490797546,0.9898913279401227
biryani angan  gaushala,indian,bijaychowk gaushala,916.6666666666666,0.9848822121682155
biryani ghar,indian,baluwatar,423.6111111111111,0.9931582032154719
biryani king,indian cuisine,boudha,504.17045454545456,0.9918060058869491
biryani king  naxal,biryani,naxal,504.17045454545456,0.9918060058869491
bisauni sekuwa ghar and cafe,tibetian  sherpa cuisine  sekuwa,boudha tinchuli,460.46610169491527,0.9925395881959642
bliss balls,lab tested food,bachapokhari naxal,2601.0,0.9566104942447542
bodhi books and bakes,multi cuisine,tangal marg,641.5979381443299,0.9894992706497207
bota simply mo mo  kumaripati,fast food,kumaripati,284.25531914893617,0.9954973053179982
bota simply momo  kamal pokhari,fast food,kamal pokhari,281.68674698795184,0.9955404190806746
bowl house,fast food,dhumbarahi,629.4,0.9897040143662045
bricks cafe firewood pizza,italian,kupondole,600.8263157894737,0.9901836267588627
buingal lounge  bar,multi cuisine,maitidevi kathmandu,431.358024691358,0.9930281704296903
bungalow bar  kitchen,thai,bhatbhateni,641.5602836879433,0.9894999026838606
burger house  crunchy fried chicken  boudha,multi cuisine,baudha,266.4423076923077,0.9957962986498421
burger hut,burger,banasthali,201.0,0.996894754891681
burger shack  jawalakhel,fast food  burger,jawalakhel,327.14285714285717,0.9947774333350597
burger shack  kamaladi,fast food  burger,kamaladi,335.3488372093023,0.9946396950684513
burger station  sekuwa corner,multi cuisine,balkumari,449.1885245901639,0.9927288835524449
cabana restaurant  bar,multi cuisine,lazimpat,704.391686746988,0.9884452707598427
cafe aalaya,multi cuisine,subidanagar tinkune,506.77777777777777,0.9917622416833317
cafe and cucina,continental,pulchowk,688.5593220338983,0.9887110187209924
cafe arica,continental,baluwatar chowk,333.09859154929575,0.9946774656862378
cafe de olla,multi cuisine,jamal,759.6067415730337,0.9875184800680732
cafe de patan,multi cuisine,patan darbar square,394.6078431372549,0.9936450262182517
cafe de tukche,multi cuisine,nursery marg lazimpat,507.91503267973854,0.9917431527362932
cafe deja vu,multicuisine,narayan chaur,417.7401129943503,0.993256748556469
cafe imago,american,nag pokhari road,663.7563025210084,0.9891273400971957
cafe jamghat,multi cuisine,samakhusi 26 townplanning,239.0,0.9962569207647712
cafe lava,multi cuisine,lazimpat,484.0184049079755,0.992144260228685
cafe mitra,continental,thamel,666.6257668711656,0.9890791758264463
cafe nepali accent,indian cuisine,radha bhawan tripureshwor,437.5,0.9929250767070984
cafe o2 pizza place,italian,durbar marg way to yak and yeti hotel,478.87931034482756,0.9922305204890479
cafe soma,american,jhamsikhel,515.1898734177215,0.9916210437444374
cafe soma  baluwatar,american,baluwatar,521.1538461538462,0.991520937814357
caffeophilia,continental,bhaisepati,615.5833333333334,0.9899359286167344
camida restro  bar,continental,boudha,467.73809523809524,0.9924175269945826
casa mexicana  gariridhara,mexican,gariridhara,684.635761589404,0.9887768761091633
casa mexicana  jhamsikhel,mexican,jhamsikhel,672.8571428571429,0.9889745815037763
chandol cloud kitchen,sandwich,chandol,498.5,0.9919011850823223
chatime nepal,bubble tea,chaksibari marg thamel,324.92857142857144,0.9948146003612518
chautari pizza and burger,italian,pepsicola manohara,430.85,0.9930366976793076
chef kitchen burger house,burger,chabahil chucchepati7,321.21004566210047,0.9948770162200847
chef kitchen shakes  cold drinks,beverages,chabahil,413.1989247311828,0.9933329728946525
chefs bakery  mid baneshwor,bakery,mid baneshwor,1686.3513513513512,0.9719629711458048
chefs burger,multi cuisine,boudha,423.9761904761905,0.9931520753186802
chefs burger  chabahil,multi cuisine,chabahil,424.0521327014218,0.9931508006201822
chefs burger  mid baneshwor,multi cuisine,mid baneshwor,423.1042654028436,0.99316671067573
chefs burger  thamel,multi cuisine,thamel,423.1042654028436,0.99316671067573
chefs burger samakhusi,multi cuisine,samakhusi,420.61611374407585,0.9932084745715428
chhabi bakes,bakery,samakhushi,631.3380281690141,0.9896714843529122
chick n falafel,middle eastern,mandala street thamel,310.85714285714283,0.995050790818021
chicken hub  manamaiju,fast food,manamaiju,304.26778242677824,0.9951613939484683
chicken station  jhamsikhel,fried chicken,jhamsikhel,385.0330578512397,0.9938057400291267
chicken station  jorpati,fast food,jorpati,353.9384615384615,0.9943276662051995
chicken station  kuleshwor,fried chicken,kuleshwor,407.9107142857143,0.9934217360812945
chicken station  kumaripati,fast food,kumaripati,345.59859154929575,0.9944676518287017
chicken station  machhapokhari,fast food,machha pokhari  balaju,319.02941176470586,0.9949136183968756
chicken station  thamel,fast food,narsingh chowk  thamel,301.6837606837607,0.995204767034057
chicken station khumaltar,fried chicken,khumaltar,370.53146853146853,0.9940491507807735
chicken station sankhamul,fast food,sankhamul,375.381679389313,0.9939677394647777
china town chinese restaurant and bar,chinese  asian,lazimpat,509.70093457943926,0.9917131761789527
chinese food hub  chinese kitchen,chinese cuisine,naxal,823.1621212121212,0.9864516961185334
chinese kitchen,multi cuisine,chabahil kl tower,316.49122807017545,0.9949562220858423
chow bella by hotel akama,chinese  italian,dhumbarahi,1227.012987012987,0.9796730154766963
chulha restauranttaste of hyderabad dum biryani,indian  halal  multicuisuine,boudha,508.8,0.9917282984637126
city chicken,multi cuisine,city chicken,342.73972602739724,0.9945156381969679
classic pizza,pizza,mandal street thamel,383.4375,0.9938325216409419
coffee escape,american,lazimpat,592.8846153846154,0.9903169290626499
comic cafe,beverages,basantapur,353.3333333333333,0.9943378233478413
cooker coffee by daddys kitchen,fast food,aloknagar baneshwor,359.39814814814815,0.9942360247725183
copacabana kathmandu,american  latin,gairidhara,536.0294117647059,0.9912712498300493
crave bakery,bakery,thasikhel marg uttar,1745.3260869565217,0.9709730738038456
crazy dumplings,momo  nepali,bakhundol lalitpur,390.63106796116506,0.9937117768214715
crazy mexican,mexican,jawalakhel,607.0410958904109,0.9900793109999255
crunchy bites,nepali  fried chicken,kalanki,261.1111111111111,0.9958857833634408
crust pizza,italian,old baneshwor,442.2705882352941,0.9928450018654693
curilo,continental,lazimpat opposite to british embassy,631.1111111111111,0.989675293180373
daddys kitchen  new baneshwor,fast food,aloknagar baneshwor,349.3436363636364,0.9944047908447703
dailo daily see us,multi cuisine,new baneshwor,391.1411764705882,0.9937032145947415
dalle  bhaisepati,multi cuisine,bhaisepati inside awash,442.512,0.9928409497427807
dalle  gwarko,multi cuisine,gwarko,441.515625,0.992857674005365
dalle  new road,multi cuisine,new road,435.0703125,0.992965859275657
dalle  sanepa,momo,sanepa,439.4724409448819,0.9928919690716258
dalle  thamel,momo,thamel paryatan marg,448.5238095238095,0.9927400408670237
dalle  tripureshwor,multicuisine,uwtc tripureshwor,442.62992125984255,0.9928389704216276
dalle naxal bhatbhateni,momo,naxal bhatbhateni,442.512,0.9928409497427807
dalle restaurant  golfutar,multi cuisine,golfutar,438.09302325581393,0.9929151227473455
dalle restaurant  jawalakhel,multi cuisine,jawalakhel,445.66386554621846,0.9927880453372858
dalle restaurant  kamaladi,momo,kamaladi,436.7348484848485,0.9929379198583779
dancing yak restaurant  bar,multi cuisine,thamel,415.8130081300813,0.9932890952209048
darjeeling ko swad,momo,maitidevi,198.38709677419354,0.9969386127560949
darjeeling ko swad  kumaripati,momo,kumaripati,185.55555555555554,0.9971539915689922
darjeeling ko swad  sankhamul,momo,sankhamul,194.82758620689654,0.9969983595275401
davis restaurant,multi cuisine,kausaltar,486.2621359223301,0.9921065989599335
dechenling garden restaurant  bar,tibetian,keshar mahal tridevi marg,712.2137404580153,0.9883139767388055
deoch an doris,multi cuisine,new plaza putalisadak,318.4552845528455,0.9949232551844785
dharane sekuwa corner  lalitpur,multi cuisine,khumaltar,412.70454545454544,0.9933412711045018
dhaulagiri flavours  gongabu,momo,gongabu,288.35164835164835,0.9954285479874574
dhokaima bistro,pizza,dhumbarahi,429.36619718309856,0.9930616034707346
dhokaima cafe,multicuisine,patan dhoka,736.7213114754098,0.9879026144976856
diamond restaurant  banquet,multi cuisine,basundhara,461.9837398373984,0.9925141144749228
dip in donuts,bakery sweets,pimbahal,103.84615384615384,0.9985254927505613
diyalo foodland and party palace,multi cuisine,dhapasi basundhara,439.09090909090907,0.9928983731252301
dokdo sarang,korean,kupondole,849.3023255813954,0.9860129299492936
doko deli,multi cuisine,jhamsikhel,602.9354838709677,0.9901482241435532
downtown pizza,pizza,sitapaila,647.7739726027397,0.989395605240601
dragon chinese take out,chinese cuisine,marcopolo business hotel kamalpokhari,417.1951219512195,0.9932658962903155
dragon hotpot,chinese,sanepa,1031.4935064935064,0.9829548311911958
drinks ra mart,liquor,kuleshwor,299.2857142857143,0.995245018503283
drishya lounge,multi cuisine,new baneshwor,1037.5954198473282,0.9828524099128665
drop in restaurant,fast food,bhanimandal,230.60714285714286,0.9963977957834026
dum biryani and kabab paradise,indian biryani,thapagaun,308.6666666666667,0.9950875581987703
east west fast food  cafe,chinese cuisine  hong kong,gokarneswor,564.0322580645161,0.9908012190137171
easy fruits,fruits,kupondole,,
eatfit lunch,multi cuisine,new baneshwor,372.7631578947368,0.9940116916324431
edn,modern nepalese continental,sanepa,710.8181818181819,0.9883374013421368
electric pagoda bar  cafe,multi cuisine,thamel,600.8823529411765,0.9901826861691857
elegance cafe  restaurant,multi cuisine,thamel,298.34415584415586,0.9952608226639805
elements restaurant  bar,multi cuisine,baluwatar,669.7052631578947,0.9890274861468314
elixir cafe,pizza burger spaghetti grilled chicken,nayabazar,368.89830508474574,0.994076563606593
embassy restaurant  bar,japanese asian chinese indian,pani pokhari,861.9246979865771,0.9858010620576465
emilios pizza,italian cuisine,bansbari,1012.2222222222222,0.9832783017906064
erma restaurant by hotel shambala,indian  continental,basbari road maharajgunj,750.8,0.9876663021818141
european bakery,bakery,baluwatar,945.5581395348837,0.984397265658425
everfresh by nomad hotel,italian asian,lazimpat,732.3695652173913,0.9879756590312386
evoke cafe  bistro,country food,jhamshikhel lalitpur,809.16925,0.9866865679814951
express masu chiura,nepali,kamal pokhari,426.59148936170214,0.9931081772428579
express masu chiura  koteshwor,nepali,koteshwor,328.2152466367713,0.9947594331609398
express thakali,thakali  nepali,tripureshwor,470.1188811188811,0.9923775652450133
fairfield by marriot kathmandu,continental  indian  japanese,thamel,722.9166666666666,0.9881343269600247
fall and trout village fish farm hotel  restaurant,local,gongabu,842.5,0.9861271077229296
fatis  basantapur,biryani  halal,basantapur freak street,389.0,0.9937391544743384
fatis  durbarmarg,biryani  halal,durbarmarg,583.3333333333334,0.9904772483691775
fatis  pulchowk,biryani  halal,pulchowk,549.375,0.9910472426821505
feast n fizz restro,multi cuisine asian fusion,kamaladi,432.6372262773723,0.993006698892144
filli cafe,multi cuisine  halal,lazimpat,515.6666666666666,0.9916130407179728
filli cafe  labim mall,multi cuisine halal,labim mall,521.1904761904761,0.9915203229752141
filli cafe  thamel,multi cuisine halal,satghumti,479.1666666666667,0.9922256971819782
fire and ice pizzeria,italian,thamel,736.4827586206897,0.9879066186332597
fire and ice pizzeria  sanepa,italian  pizza,sanepa marg international club surendra bhawan  40,745.5072463768116,0.9877551416261877
fire pizza,pizza  italian,thamel,629.3548387096774,0.9897047724033673
fire pizza  bbq halal,pizza  halal,durbar marg,470.0,0.9923795606775045
fire pizza  boudha,pizza,boudha,453.6666666666667,0.9926537174513518
fire pizza  jyatha,pizza  italian,jyatha,557.1875,0.9909161090211904
flat iron grill,continental,thamel,523.3333333333334,0.9914843548853506
food garden,multicuisine,food garden,400.5050505050505,0.9935460409521294
food hub by h2o  basantapur,multi cuisine,basantapur,384.4791666666667,0.9938150371528139
food hub by h2o  mid baneshwor,multi cuisine,mid baneshwor,386.6083916083916,0.9937792978809271
food lord,fast food,madhya marg sankhamul new baneshwor,364.2696629213483,0.9941542558679896
food ventures restro and bar,multi cuisine,kapan budhanilkantha,481.4947674418605,0.9921866197576281
foodhub by h2o  patan,multi cuisine,krishna galli patan,397.11538461538464,0.993602936862215
foodmandu fresh,fresh groceries,sankhamul bridge,,
foreign affairs,indian,hotel ambassador lazimpat,785.2173913043479,0.9870886025309427
fort 270,multi cuisine,thasikhel,543.2546875,0.9911499727921467
french house restaurant,french  asian,dhalko bishalnagar,403.90140845070425,0.9934890327151573
frying pan restaurant,multi cuisine,bluebird mall,481.13525,0.9921926542969343
fuchhey restaurant,multi cuisine,putalisadak,274.8484848484849,0.9956552000533405
fuchhey restaurant boudha,multi cuisine  fast food,boudha,276.23762376237624,0.9956318832058064
funky buns,fast food,kupondole,318.2608695652174,0.99492651846116
fusion pizzeria,multi cuisine  pizza,phulbari boudha,519.5539906103286,0.9915477915634038
gajjabko thakali and sekuwa,sekuwa thakali fastfood,bijulibazar baneshwor,347.8776978417266,0.9944293967820657
ganga jamuna bhojanalaya  tandoori house,indian  halal,thamel,282.2295081967213,0.9955313087748399
gangaur,veg indian cuisine,kamaladi,413.7903225806452,0.9933230462175217
gangnam galbi restaurant,korean,baluwatar thirbam sadak,955.8620689655172,0.9842243130838955
gas o fast,healthy  ayurveda,kamal pokhari,16.0,0.9999999999832149
genesis cafe,multicuisine,panipokhari,687.2727272727273,0.9887326143537866
gg machaan,nepali asian,jhamshikhel,527.8971962616822,0.9914077499504496
ghangri cafe,multi cuisine,jhamsikhel,439.40625,0.9928930800938242
gimbap go,korean,pulchowk,421.25,0.9931978347218953
gimbap go  thamel,korean,thamel,412.42424242424244,0.9933459760213071
greasy grill restaurant,burger  wings  cheesecake  pizza,maligaun kalopul,422.9268292682927,0.9931696889605185
grill durbar  jawalakhel,fast food,jawalakhel,578.875,0.9905520819783653
grill durbar grill  garden restaurant,continental,sorakhutte,569.9431818181819,0.9907020035165683
grills  more,grilled chicken,sanepa,700.0,0.9885189856988408
h2o cafe  pub  basantapur,multi cuisine,basantapur,366.39130434782606,0.9941186438862297
h2o cafe  pub  thamel,multi cuisine,thamel,388.7795275590551,0.9937428551282036
h2o cafe center,multi cuisine,chabahil,339.44029850746267,0.9945710194462172
haadi bistro  cafe,biryani,jhhochen basantapur,389.6111111111111,0.99372889690797
haadi bistro  cafe  boudha,biryani,boudha,379.04761904761904,0.9939062062694813
haadi bistro  cafe  gongabu,biryani,gongabu,379.04761904761904,0.9939062062694813
hakku multicuisine dining,multi cuisine,chabahil,378.6231884057971,0.9939133303838987
hamro vegan,vegan,kumaripati,466.4782608695652,0.9924386734512799
hankook sarang korean restaurant  jawalakhel,korean,jawalakhel,814.8648648648649,0.9865909664674282
hankook sarang korean restaurant  thamel,korean,thamel,822.1518987341772,0.9864686528125388
hanok korean  nepali house,korean nepali newari,shanta bhawan jhamsikhel,389.684375,0.9937276671656383
hello momo  naxal bhatbhateni,momo,naxal bhatbhateni,180.71428571428572,0.9972352528090538
higher ground bakery,bakery,bhanimandal ekantakuna 13,386.48936170212767,0.9937812958108306
himalayan bio kitchen,nepali  multicuisine,baluwatar,333.1506849315069,0.9946765912931599
himalayan biryani house,indian,boudha,332.688679245283,0.9946843461087782
himalayan cafe  restaurant,multi cuisine bakery,jamal kantipath,586.9243697478992,0.9904169724329621
himeberry strawberry,organic,kalikasthan,850.7692307692307,0.9859883077864056
hong xiang hotel  restaurant,chinese,bizuli bazar,698.2803921568628,0.9885478495032421
hot bread,bakery  fast food,naxal,423.7912087912088,0.9931551802563522
hotel dolmaling,multi cuisine,boudha phulbari,486.7085889570552,0.9920991051972595
hotel imperial kathmandu,multi cuisine,battisputali,294.592,0.9953238030073197
hotel tradition  spa,multi cuisine,saatghumti thamel,319.7435897435897,0.9949016308419383
house 5,italian american deli,jhamsikhel thado dhunga,596.3406593406594,0.9902589189895113
house of eggs,egg cuisine,gahana pokhari,501.038961038961,0.9918585683455449
hukum darbar,japanese multicuisine,kamalpokhari,607.0542635658915,0.9900790899790625
hungry heart cloud kitchen,multi cuisine,kalopul,335.15384615384613,0.9946429680144938
hungry heroes,multi cuisine,buddha park soyambhu,337.92035398230087,0.9945965318801424
hungry nawab,indian,baluwatar,765.625,0.9874174629467763
hyatt place kathmandu,indian cuisine,tahachal red cross road soalteemode,,
hyderabad house,indian,bhatbhateni,833.3888888888889,0.9862800387124224
hyderabad house  dhobighat,indian,dhobighat,848.1845238095239,0.9860316923734309
hyderabadi dum biryani  lassi house,indian halal,thamel,722.9032258064516,0.988134552566323
ibs family restaurant  thakali khana dhido ghar,thakali set  multi cuisine,imadol mahalaxmi,409.20377358490566,0.9934000319405275
ilive burger and barbeque,fast food,nakhipot sumnima marga  14,516.9512195121952,0.9915914793589544
imago dei gallery cafe,multi cuisine,pani pokhari,832.7027027027027,0.9862915564220794
impasto pizzeria,italian,near kl tower chabahil,451.3225806451613,0.9926930631897972
indian tadka  kupondole,multi cuisine  indian,kupondole,480.63440860215053,0.99220106097419
indian tadka mid baneswor,multi cuisine,maitri tole mid baneshwor,470.340206185567,0.9923738502797325
italian bakery,bakery,chabahil,852.9032258064516,0.9859524884479478
izakaya hokkaido,japanese,lazimpat,1081.8055555555557,0.9821103379836555
jasper restaurant,multi cuisine,tridevi marg thamel,478.2258064516129,0.992241489622868
java zone  bistro,nepali tibetan,tridevi sadak thamel,368.0534351145038,0.9940907448407988
jazz upstairs,nepali,lazimpat,355.8536585365854,0.9942955194155901
jetha foods,multi cuisine,dhobichaur,297.39090909090913,0.9952768230142591
jhakas restaurant,multi cuisine fast food,hattisar,411.4927536231884,0.9933616111619952
jhamel beats,multi cuisine,jhamsikhel,400.5970149253731,0.9935444973193467
jhamsikhel garden restaurant,multi cuisine,jhamsikhel garden restaurant,212.125,0.9967080205584739
jholpattey restaurant,multi cuisine,new baneshwor,309.65346534653463,0.9950709946757594
jj bistro,multi cuisine,mitrapark,262.45454545454544,0.9958632336720854
juice mandala,fastfood  juices,pulchowk,395.1020408163265,0.9936367310565372
julies cake and pastries,bakery,kandevtasthan kupondole,1950.0,0.9675375999452331
julies cake and pastries  nakhu,bakery,nakhu,2020.8333333333333,0.9663486547525286
just rent,multi cuisine,lokanthali manohara town planning,439.0289855072464,0.992899412519307
just rent  new road,multi cuisine,new road maha baudha,401.5,0.9935293406168023
kalimati sekuwa corner  family restaurant,nepali sekuwa,kalimati,334.02777777777777,0.9946618691944803
karara kitchen  wraps,multi cuisine,bhimsengola old baneshwor,423.14102564102564,0.9931660936511398
karchulo kitchen,multi cuisine,ratopul,248.5612244897959,0.9960964345733335
kathmandu height boutique hotel,multi cuisine,chabahil,335.87142857142857,0.9946309233156831
kathmandu marriott,bakery indian and continental,naxal kathmandu,1408.6813186813188,0.9766236927999383
kathway restaurant,multi cuisine,sinamangal,363.2972972972973,0.9941705771305909
katiya house,multi cuisine asian fusion,dilli bazar kathmandu,317.14912280701753,0.9949451792512353
kaveri spicy heaven restaurant  bar,multi cuisine,basundhara,396.412213740458,0.993614739661717
kebab village restaurant and bar,multi cuisine  indian  kebab,tangal,415.4861971830986,0.9932945807781426
kenny rogers roasters,american,durbar marg,834.7166666666667,0.986257751818222
kfc  boudha,fast food,boudha,878.4297872340425,0.9855240223421275
kfc  durbar marg,fast food,durbarmarg,878.4297872340425,0.9855240223421275
kfc  eyeplex mall,fast food,eyeplex mall  new baneshwor,878.4297872340425,0.9855240223421275
kfc  kalanki,fast food,kalanki,878.4297872340425,0.9855240223421275
kfc  kathmandu mall,fast food,kathmandu mall sundhara,878.4297872340425,0.9855240223421275
kfc  labim,fastfood,labim mall,878.4297872340425,0.9855240223421275
kfc  maharajgunj,fast food,maharajgunj,878.4297872340425,0.9855240223421275
kfc  naxal bhatbhateni,fast food,naxal bhatbhateni,878.4297872340425,0.9855240223421275
kfc  samakhusi,fast food,samakhusi  north city mall,878.4297872340425,0.9855240223421275
khadadevi foodland  banquet,multi cuisine,kalanki,378.9234693877551,0.9939082901350053
khaja affairs,multi cuisine,gwarko,170.0,0.9974150932583704
khaja express  kupondole,multi cuisine,kupondole,313.5625,0.9950053811045686
khaja expressmid baneswor,multi cuisine,old baneswor,309.5892857142857,0.9950720719378569
kharayo bakes,bakery,star homes sitapaila housing house no 22 sitapaila,1146.7307692307693,0.9810205612210515
kimchee restaurant  bar,korean,boudha,706.7129629629629,0.9884063078864603
kings pizza  burger hub,american,putalisadak,380.58156028368796,0.9938804588992435
kiran dai ko momo  chandol,nepali,chandol,155.5,0.9976584773331123
kiran dai ko momo  chapagaun dobato,momo,chapagaun dobato satdobato,168.66666666666666,0.9974374734031743
kiran dai ko momo  new baneshwor,nepali,sangam chowk new baneshwor,255.0,0.9959883590271251
kiran dai ko momo  sukedhara,momo,sukedhara,151.8181818181818,0.9977202770511502
kkfc  kumaripati,fast food,kumaripati,648.672131147541,0.9893805295518839
kkfc  maitidevi,fast food,maitidevi,612.4090909090909,0.9899892086205573
kkfc  old baneshwor,fast food,old baneshwor,658.0338983050848,0.9892233912734297
kkfc  peoples plaza,fast food,peoples plaza,634.984126984127,0.9896102841883236
kora restaurant,chinese  multi cuisine,boudha  phulbari,470.7142857142857,0.9923675713142168
korean bbq restaurant,korean,ekantakuna kharibot,1648.0444444444445,0.9726059567384779
korean kimbab house,korean,samakhusi,584.6052631578947,0.990455898888937
koseli,defrosted items,bhatbhateni foodmandu office,724.4,0.9881094290489303
kosheli thakali,thakali  nepali,shreenagar sankhamul,411.390625,0.9933633254020269
koto  durbarmarg,japanese,durbarmarg,958.5763888888889,0.9841787529291987
koto restaurant  boudha,japanese,boudha fulbari,955.9016393442623,0.9842236488907907
koyla restaurant,multi cuisine,new road kesha plaza 8th floor,539.1618497109827,0.9912186715189293
krishna bakery  confectionery,bakery,kamalpokhari,897.1590909090909,0.9852096489458855
krishna pauroti bhandar,bakery,kamal pokhari,1030.0,0.9829798998598883
kruathai nepal,thai,naxal,697.4539877300614,0.9885617207912959
krystal food cafe,multi cuisine,shankhamul,356.5159574468085,0.9942844026564545
ktm hunger station,multi cuisine,sukedhara,572.6451612903226,0.9906566504976857
ktm hunger station  new baneshwor,multi cuisine,new baneshwor,545.2826086956521,0.9911159339146394
ktm hunger station hattigauda,multi cuisine,hattigauda budhanilkantha,484.75660377358486,0.9921318694805552
kumari restaurant  bar,multi cuisine,putalisadak,295.92715231788077,0.9953013923306626
kungfu noodles,chinese,jp marg thamel,290.95238095238096,0.995384894408307
kyampa pizza,italian,sanepa chowk,872.6829268292682,0.9856204840181472
kyubis kitchen,japanese,jhamsikhel,585.8611842105263,0.990434818117672
la kham kitchen,korean cuisine,dhapashi,438.1818181818182,0.9929136323148692
la pizza pizza,italian,baluwatar,710.7142857142857,0.9883391452495242
laddu gopal,sweets  indian,sorakhutte,292.0103092783505,0.9953671369664615
laddu gopal kuleshwor,sweets  indian,kuleshwor,290.8673469387755,0.9953863217134604
lakuda restro and cafe,indian cuisine,kalopul,217.98181818181817,0.9966097132292246
lama,burger,old baneshwor,491.53846153846155,0.9920180352614424
lama burger  thamel,burger,thamel,714.8780487804878,0.9882692560342612
lama burger durbarmarg,burger,durbarmarg,730.25,0.9880112361636034
lasa kusa,newari,kamalpokhari,304.0131578947368,0.9951656678488915
last friday bar  grill,multi cuisine,lazimpat,455.1344978165939,0.9926290797460895
lazeezo cafe,indianhalal,nakhu,272.47058823529414,0.9956951133062394
lazy monk seafood restaurant,seafood,chhetrapati,1453.75,0.9758672100894153
le trio,multi cuisine,jhamsikhel,591.0763888888889,0.9903472803407593
le trio  maharajgunj,multi cuisine,maharajgunj,591.1034482758621,0.9903468261460102
le trio durbar marg,multi cuisine,durbar marg,590.7638888888889,0.9903525256871977
level 3,indian  japanese,labim mall pulchowk,731.6483516483516,0.9879877646793209
lhakpas chulo,multi cuisine,jhamsikhel,735.5194805194806,0.9879227873608033
lisara restaurant,nepali,naxal bhagwati mandir,442.5929648241206,0.9928395907394149
litaliano restaurant,italian cuisine,jhamsikhel,1293.75,0.9785528274658771
little bites  naxal,fast food,naxal bhatbhateni,586.5420560747664,0.990423389609486
little tibet restaurant,tibetan,thamel,443.6,0.9928226875446208
london cafe,multi cuisine,lainchaur,468.39285714285717,0.9924065367449021
lotus club restaurant,multi cuisine,manamaiju tarkeshwor,527.707182320442,0.9914109393550895
lucknow zaika  nawabi kitchen,halal,soaltee mod tahachal marg,505.7142857142857,0.9917800925131158
lumbini tandoori,nepali indian,machha pokhari,181.72307692307692,0.9972183201390566
m bistro by kbc,continental  bakery,nag pokhari naxal,1045.6521739130435,0.9827171764208867
machha house,fast food,manohara riverside,339.07339449541286,0.9945771779699063
mad munch,fast food,jhochhen basantapur,305.9642857142857,0.9951329179565424
mad over pizza  kupondole,italian cuisine,kupondole gunsingal marg paschim,592.7777777777778,0.9903187223434835
mad over pizzamid baneshwor,multi cuisine,maitri tole mid baneshwor,538.6375,0.991227472785774
majestic lounge bar  cafe,multi cuisine,gongabu,472.3893805309734,0.9923394546657986
malabar groove,indian,thamel,481.25,0.9921907282057221
mamagoto,pan asian,lazimpat kathmandu,690.8039215686274,0.988673342874032
mamas boi restaurant  coffee shop,multi cuisine,new baneshwor,515.3125,0.9916189854439363
mamas curries,indian  halal,jhamshikel,469.87012987012986,0.9923817405617388
mannys eatry and tapas bar,continental,jawalakhel,829.8811188811189,0.9863389170129568
marcopolo restaurant,italian  mediterranean cuisine,thamel chhya center 1st floor,742.3831775700935,0.9878075794603913
marios pizza,pizza,dhumbarahi,926.0833333333334,0.9847241523955382
masa wild himalayan brew,multi cuisine,pani pokhari lazimpat,643.8082191780821,0.9894621708425262
masala darbar family  restaurant,mithila thali biryani pizza katiya,pingalasthan,369.8496240601504,0.9940605956142748
matka biryani,matka biryani  smoking grill,gongabu,562.7589686098655,0.9908225913154963
matka biryani  tinkune,indian  biryani,tinkune,650.8243243243244,0.9893444047556772
mechung restaurant,multi cuisine,boudha,322.14285714285717,0.9948613588780743
mezze by roadhouse,italian,durbar marg,896.54992,0.9852198739457523
michael grills mid baneshwor,nepali,mid baneshwor,340.55555555555554,0.9945522997355448
miraz bakery,bakery,jorpati,777.3015873015873,0.9872214701608081
mittraan da dhaba,indian,hariharbhawan,602.7272727272727,0.9901517189902125
momo gallery,fast food,golfutar,265.703125,0.9958087059116099
momo king,momo multicuisine,uttardhoka lazimpat,239.84126984126985,0.9962427999591212
momo king  mangalbazar,momo multicuisine,mangal bazar,391.3131313131313,0.9937003283140348
momo man,momo,dillibazar,212.5,0.9967017261427478
momo mania,nepali,panipokhari,196.75,0.9969660916032432
momo mazza  basantapur,multi cuisine,basantapur,343.5135135135135,0.9945026500899777
momo mazza dhalko,multi cuisine,dhalko,639.1533333333333,0.9895403036069643
momo mazza thamel,multi cuisine,thamel,744.1867469879518,0.9877773063518398
momomia darjeeling restaurant,chinese  tibetan,bhanimandal nakku dobato,233.95348837209303,0.9963416270105114
momotarou restaurant,japanese,thamel,714.2708333333334,0.988279448211487
momoway,momo,kamalpokhari,323.42105263157896,0.9948399042279802
momoway  sanepa,momo,sanepa,323.42105263157896,0.9948399042279802
monster meal,fast food,new road,1283.8412698412699,0.9787191465777081
monster meal  boudha,fast food fried chicken,boudha town planning,1283.8412698412699,0.9787191465777081
monster meal  sitapaila,fast food fried chicken,sitapaila,1138.338028169014,0.9811614342912489
monster meal  thamel,fast food fried chicken,thamel,1283.8412698412699,0.9787191465777081
monster meal jhamsikhel,fast food fried chicken,jhamsikhel,1283.8412698412699,0.9787191465777081
monster meal mid baneshwor,fast food fried chicken,mid baneshwor,1283.8412698412699,0.9787191465777081
mothers kitchen,indian and nepali fusion,maitidevi,185.5084745762712,0.9971547818283426
moti mahal delux  veg indian cuisine,veg indian cuisine,durbarmarg,528.1095890410959,0.9914041849145807
mtr 1924 kathmandu,south indian  vegetarian,kamaladi,385.0,0.9938062949087499
mughal empire multi cuisine restaurant  thamel,indian  halal,thamel,511.02645502645504,0.9916909271742941
mughal empire multi cuisine restaurant jhamsikhel,indian  halal,jhamsikhel,496.495,0.9919348392250711
mughal empire multi cuisine restaurant lazimpat,indian  halal,lazimpat,508.037037037037,0.991741104879906
musicology,multi cuisine,bhakhundole lalitpur,488.4177215189873,0.9920704172215907
mustang thakali by state three,thakali  italian cuisine  nepali,lazimpat chowk,620.0185185185185,0.9898614835517272
mv burger restaurant,burger,gongabu,345.1333333333333,0.994475461238385
my thai eat thai restaurant,thai cuisine,pani pokhari lazimpat,761.8263551401869,0.987481223613292
naan and biryani house by bhojan unlimited,multi cuisine,baluwatar,370.7042253521127,0.9940462510387771
nanis kitchen by hotel padma,multi cuisine,boudha,1016.1386138613861,0.9832125647316114
narayan dai ko famous masangalli momo  airport,momo,airport,160.875,0.9975682573743717
narayan dai ko famous masangalli momo  jhocheen,momo,jhochhen,199.57142857142858,0.9969187336182566
narayan dai ko masangalli ko famous momo  new baneshwor,momo,new baneshwor,154.28571428571428,0.9976788592507014
narayan dai ko masangalli ko famous momo putalisadak,momo,putalisadak,194.0,0.9970122506519011
naulo bakes,bakery,jawalakhel,752.7,0.9876344104754687
naulo bubble tea,bubble tea,jawalakhel,278.8888888888889,0.9955873814327227
naulo indian,indian,sanepa,495.29411764705884,0.9919549961657845
naulo japanese  jawalakhel,japanese,jawalakhel,1369.9180327868853,0.9772743387634811
naulo pan asian,pan asian,jawalakhel,2010.909090909091,0.966515234239421
naulo restaurant,multicuisuine pan asian italianindian halal,sanepa,370.4516129032258,0.9940504911661661
nep i foods,multi cuisine nepali indian,new baneshwor thapagaun,536.542372881356,0.9912626397219974
nepal dairy  nds,fast food,mahabaudha,236.70689655172413,0.9962954107551882
nepali ghar hotel,multi cuisine,amrit marga thamel,762.9381443298969,0.9874625621109993
new evenpoint restaurant  lounge,multi cuisine,soyambhu hall chowk,466.3095238095238,0.9924415057211581
newa lahana  kamaladi,newari,kamaladi,312.3412698412698,0.995025879585412
newari kitchen,newari  multi cuisine alternatives,thapathali,318.8617886178862,0.9949164319695993
nimto cafe  restaurant,multi cuisine,chabahil plaza,394.7712418300654,0.9936422835534472
ninis kitchen,authentic homemade newari,golfutar,356.3636363636364,0.994286959382378
nizams house,indian  biryani halal,bhagawati marg  naxal,708.2849462365591,0.9883799219764912
nom nom restaurant,singaporean,chappal karkhana janamarg,646.3461538461538,0.9894195713334956
noodle shop,asian cuisine,sanepa,600.3225806451613,0.9901920820079672
north side,italian,jhamsikhel,525.0,0.9914563797043459
nourish by avata wellness,vegetarian vegan,gairidhara,656.7073170731708,0.989245658083478
numas cafe,multi cuisine,sanepa,326.4916666666667,0.9947883636379238
nuptse cafe,multi cuisine,sifal chabahil,199.63333333333333,0.9969176945401049
nyc burger  biryani house,multi cuisine,maharajgunj,359.7465437788018,0.9942301769140209
nyc burger  fried chicken,multi cuisine,samakhusi,267.77710843373495,0.9957738938744339
nyc burger and grill house dhumbarahi,fast food multi cuisine,dhumbarahi,451.5566037735849,0.9926891350861711
octave lounge  bar,continental,durbarmarg,620.3050847457627,0.989856673506481
oho cake  basundhara,bakery,dhapasi marg basundhara kathmandu,1750.0,0.9708946216658103
oho cake  ratopul,bakery,near ratopul,1719.4117647058824,0.9714080485171928
olla porkys station,indian cuisine,baluwatar,551.8970588235294,0.9910049096508946
om tandoori hotel and restaurant,indian,kalopul,509.64071856287427,0.9917141869113303
omkara veg restaurant and bar,multi cuisine,durbar marg,528.125,0.9914039262399619
online mari pasa  home based kitchen,yomari,hattiban  mero city apartment,214.42857142857142,0.9966693548618708
opium  restaurant  bar,multi cuisine,durbarmarg,666.3937823834196,0.9890830697112672
or2k,middle eastern,thamel,556.7796610169491,0.9909229546428135
organic lounge  club,multicuisine,durbarmarg,623.6180904522613,0.9898010643458953
orient cafe,multi cuisine,durbar marg,726.328502415459,0.9880770589264459
oriental kitchen,multi cuisine,baluwatar,729.2563025210084,0.9880279154837067
oskar bar  grill,multicuisine,pani pokhari,727.7058823529412,0.9880539394546078
otafuku okonomiyaki,japanese,kupondole height,745.483870967742,0.9877555339849675
ouzo cafe  restaurant,multi cuisine,mahalaxmisthan patan,306.94029850746267,0.995116535475811
over easy,american,dhapashi,518.4841176470588,0.9915657494972836
paalcha newari kitchen,newari,uttar bagaicha jawalakhel lalitpur,313.25748502994014,0.9950105008139665
pacific liquor,liquor,jamal,3075.0476190476193,0.9486535534761004
palazzo plates restaurant,multi cuisine,kalanki,481.2371134020619,0.992190944508668
palu restaurant,newari,lazimpat,513.3240223463687,0.991652362257307
pan asian affair restro  bar,pan asian,kamaladi,977.2058823529412,0.9838660548581877
pawan sweets  battisputali,sweets,battisputali,547.5,0.9910787147607809
pawan sweets durbarmarg,sweets,teendhara marga,555.3503184713376,0.9909469463126722
pemaz bakery,bakery,boudha nautale,1389.8765432098764,0.9769393329984793
pen  rij,ice cream,machha pokhari,500.57971014492756,0.9918662769216772
penthouse bar and grill,multi cuisine,durbar marg,1175.1641791044776,0.9805433033483709
peri peri grill,authentic peri peri,nardevi tamshipakha,535.8947368421053,0.9912735103632512
peros pizza by trisara  thamel,italian,thamel,533.5294117647059,0.9913132126015565
persias biryani,biryani persian,jorpati attarkhel gokarneshwor,273.28125,0.9956815062604786
pewa corn dog and bubble tea,fast food,new baneshwor,150.5,0.9977424028761267
pho99,vietnamese,thadhodhunga,737.6204379562043,0.9878875225620577
pho99  boudha,vietnamese,boudha,1421.343984962406,0.9764111485712081
pho99  lazimpat,vietnamese,lazimpat,744.4698473282443,0.9877725544818824
piano piano,italian asian,lazimpat,723.7857142857143,0.9881197399013578
piano piano south,italian,bakhundole,750.4651162790698,0.9876719232414394
pizza connection  jawalakhel,italian,jawalakhel,532.795909090909,0.9913255245235968
pizza fire,italian,maitidevi,350.7826086956522,0.9943806375379007
pizza fire night delivery,pizza,bagbazar new plaza,351.3736263736264,0.9943707172419898
pizza hut  durbar marg,italian  pizza,durbar marg,777.9329608938548,0.9872108724864929
pizza hut  eyeplex mall,italian  pizza,eyeplex mall new baneshwor,810.7313432835821,0.9866603480760824
pizza inn,italian  pizza,lazimpat,615.3164556962025,0.9899404081868574
pizza planet,italian,boudha thushal,497.63829787234044,0.9919156488461184
pizza planet  old baneshwor,pizza,old baneshwor,557.1616766467066,0.99091654246898
pizza planet kumaripati,italian,kumaripati,503.7878787878788,0.9918124274625889
pizza shop,pizza,gwarko imadol,337.25,0.9946077838445377
pizza world  baluwatar,pizza  italian,baluwatar,515.0508474576271,0.9916233773102763
pizza world  boudha,italian,boudha pipalbot,516.5,0.9915990531274704
pizza world  kumaripati,italian,kumaripati,491.6,0.9920170023316822
pizzeria milano,italian,kumaripati,423.5151515151515,0.9931598139077115
pj pizza,american pizza,paknajol thamel,580.5692307692308,0.9905236441309054
pop in pizza,italian  pizza,baluwatar,347.0205128205128,0.9944437847257396
potluk  house of foods,multi cuisine,tangal,509.2307692307692,0.9917210679553914
president sekuwa  chakrapath,nepali,chakrapath,462.0408163265306,0.992513156439854
president sekuwa  kalanki,nepali,kalanki,463.3160621761658,0.9924917512997726
prestigio foods  chandol,pizza  burger  coffee,chandol,647.8571428571429,0.9893942092188484
prestigio foods  dhumbarahi,pizza  burger  coffee,dhumbarahi,643.25,0.9894715406120546
prestigio foods new baneshwor,pizza  burger  coffee,new baneshwor,650.9574468085107,0.9893421702803227
progressio bistro peebees,multi cuisine,phulbari boudha,384.4583333333333,0.9938153868425764
pronto pizza,pizza,thamel,901.5573770491803,0.9851358232353574
purbanchal enterprises,liquor,changathali,1157.1951219512196,0.9808449159241798
queens,american  burger,sanepa,531.1224489795918,0.9913536137333078
queens spice lounge,multi cuisine,durbar marg,612.9063793103448,0.9899808615807353
quickbite korean and more,korean,mangalbazar,471.1328125,0.9923605462966654
radisson hotel,bakery,lazimpat,1263.3116883116884,0.979063737833254
rain,multi cuisine,jawalakhel,588.974358974359,0.9903825631411612
ram bhandar,sweets,thapathali,380.6,0.9938801493866026
red mud coffee   new baneshwor,fast food,new baneshwor,326.45761589403975,0.9947889351838404
red mud coffee  durbarmarg,fast food,durbarmarg,331.0331386861314,0.9947121345368601
red mud coffee  jhamsikhel,fast food,jhamsikhel lalitpur,330.0781884057971,0.9947281634810259
red mud coffee  thapathali,fast food,thapathali,408.5579518072289,0.9934108721292041
regal flavors restro  bar,multi cuisine,durbarmarg,681.6357142857142,0.9888272322289695
revive leisure park,nepali,mahalaxmisthan,548.7078651685393,0.9910584406127494
ridi lounge,organic  multi cuisine,ridi lounge,526.7857142857143,0.9914264062961263
roadhouse cafe  battisputali,italian  pizza,battisputali,716.123595505618,0.98824834939721
roadhouse cafe  bhaisepati,italian  pizza,bhaisepati inside awash,727.020202020202,0.9880654486734597
roadhouse cafe  bhatbhateni,italian  pizza,bhatbhateni,812.6311475409836,0.9866284596552977
roadhouse cafe  boudha,italian  pizza,boudha,810.566037735849,0.9866631227476537
roadhouse cafe  jhamsikhel,italian  pizza,jhamsikhel,745.2857142857143,0.9877588600663957
roadhouse cafe  thamel,italian  pizza,thamel,799.6713114754098,0.986845991911134
roadhouse pizza  basantapur,italian  pizza,basantapur,462.875,0.9924991545763001
roadhouse pizza  maharajgunj,italian  pizza,maharajgunj,563.9423076923077,0.9908027288404835
roadhouse pizzeria,italian  pizza,labim mall pulchowk,715.09375,0.988265635465866
rodeos cafe  bar,multi cuisine,kaladhara thamel,478.85380116959067,0.9922309486633246
roomali ghar,indian cuisine,gairidhara,544.3037974683544,0.9911323633673914
royal alinas cafe,multi cuisine,new baneshwor,503.0576495726496,0.9918246844392715
royal biryani,biryani,basantapur,299.2068965517241,0.9952463414675079
royal tandoori fast food,multi cuisine,boudha,436.9921875,0.9929336003950607
rumis bistro,multi cuisine,mandikatar,585.0333333333333,0.9904487136845526
sabarat agro farm,beverages  iced tea,chapali budhanilkantha,374.2857142857143,0.9939861353580665
sahara restaurant and bar,multi cuisine  indian,putalisadak,292.45454545454544,0.9953596804139988
sajan goth,indian,tripureshwor,474.09859154929575,0.9923107653732308
sajan goth  kamaladi,indian,kamaladi,463.0562248995984,0.9924961126966788
sajan goth  kumaripati,indian cuisine,kumaripati,414.3192307692308,0.9933141684361353
sajan goth  samakhusi,indian,samakhusi,486.1607142857143,0.9921083013331186
sajan goth  tahachal,indian,tahachal,454.8233215547703,0.9926343028734388
sakura japanese restaurant,japanese,boudha,583.85,0.990468576063066
salt restaurant,multi cuisine,ekantakuna,641.7105263157895,0.9894973808450354
sams cafe,american  breakfast,ekantakuna lalitpur,568.9024390243902,0.9907194724973899
sams one tree cafe,multi cuisine,durbarmarg,701.5104166666666,0.9884936331910552
sandwich hub  jhamsikhel,american,jhamsikhel,388.4,0.9937492255395001
sandwich point  the soda bar thamel,american,thamel,368.5763888888889,0.9940819670049015
sangam sweets,indian  pure veg,kamalpokhari,385.27472527472526,0.9938016836151776
sankhamul burger house  crunchy fried chicken,multi cuisine fast food,sankhamul,280.4491017964072,0.9955611930896264
sansho by naulo,japanese,jawalakhel,826.6374269005848,0.9863933627351245
sapporo japanese restaurant,japanese,baluwatar,1277.638888888889,0.9788232542155902
sara bakery,bakery,ratopul,1129.878048780488,0.9813034359640634
sarangi,vegetarian,thamel,331.0769230769231,0.9947113996111056
see you chicken hub,fast food,nakhu,385.92,0.9937908526088353
sekuwa by kilo,sekuwa,jhamsikhel,406.7659574468085,0.9934409509491595
sesame,american,chhaya center thamel,375.76,0.9939613893122405
shiva tirupati,indian nepali and chinese cuisine,kamaladi,486.02803738317755,0.9921105283293369
shree nanda mithai bhandar,sweets,mangalbazar,542.8125,0.9911573949573569
shristi newari kitchen,newari,kupondole,217.95180722891567,0.9966102169663285
shyam dai ko no1 haas ko choila,nepali,dhobighat,356.25,0.9942888667810829
sicily by ts,pizzapasta,thamel,636.4444444444445,0.9895857726011575
sila restaurant,multi cuisine,gairidhara,59592.61780104712,0.0
simon noodle house restaurant,asian pan asian thai,sanepa,384.8076923076923,0.9938095228142504
simple city restaurant,multi cuisine,kapan milanchowk,348.03921568627453,0.9944266856875037
sinka  koteshwor,momo,koteshwor,328.3,0.9947580105665335
sloppy chicken,american  multicuisine,jhamsikhel,311.1951219512195,0.9950451178022215
smoking yak kathmandu,multi cuisine,jp road chaksibari thamel,725.5540540540541,0.9880900581262995
social by exotic cafe and lounge,french indian fusion,pulchowk labim mall,626.25,0.9897568874583036
soul cafe,korean cuisine,shantinagar new baneshwor,425.2173913043478,0.9931312416279817
soul cafe  lazimpat,korean,lazimpat,849.1176470588235,0.9860160297983516
sron restaurant,multi cuisine,soyambhu manmohan hospital gate thado varyang,297.92792792792795,0.995267809094758
sub express,fast food  sandwich  burger,bakhundol,418.472,0.9932444637535941
sub express  thamel,sandwich  fast food,sher bhawan thamel,508.6808510638298,0.9917302983915461
suma nepali kitchen,nepali,blue bird complex,578.1349206349206,0.990564504290883
sumeez kitchen,multi cuisine,kalimati,258.5,0.995929611147015
sunfeast dark fantasy,cookies,anamnagar,394.54545454545456,0.9936460734175405
sunrise food,multicuisine,kalanki,330.3333333333333,0.9947238808457076
swastik sweets and snacks,sweets indian,new road,572.1078431372549,0.9906656694412393
sweet and spicy  sanogaun,asian,sanogaun imadol,394.73809523809524,0.9936428399225933
sweet escapes bakery,bakery,sinamangal,887.1341463414634,0.9853779187291909
syanko katti rolls  anamnagar,nepali rolls,anamnagar,251.55172413793105,0.9960462387119627
syanko katti rolls  baluwatar,nepali rolls,baluwatar,251.55172413793105,0.9960462387119627
syanko katti rolls  durbarmarg,nepali rolls,durbarmarg,251.55172413793105,0.9960462387119627
syanko katti rolls  kirtipur,nepali rolls,kirtipur,251.55172413793105,0.9960462387119627
syanko katti rolls  kuleshwor,nepali rolls,kuleshwor,251.55172413793105,0.9960462387119627
syanko katti rolls  kumaripati,nepali rolls,kumaripati,251.55172413793105,0.9960462387119627
syanko katti rolls  lainchaur,nepali rolls,lainchaur,251.55172413793105,0.9960462387119627
syanko katti rolls  new baneshwor,nepali rolls,new baneshwor,251.55172413793105,0.9960462387119627
syanko katti rolls  sankhamul,nepali rolls,shankhamul,251.55172413793105,0.9960462387119627
syanko katti rolls  tinkune,nepali rolls,tinkune,251.55172413793105,0.9960462387119627
syanko katti rolls battisputali,nepali rolls,battisputali,251.55172413793105,0.9960462387119627
szechuan cuisine,chinese,jhamsikhel lamochaur,604.2962962962963,0.9901253827592058
t3 thakali,thakali,airport,437.6422764227642,0.9929226885818907
taas  sekuwa mahal,multi cuisine,teku,341.6371681415929,0.994534144750822
tahina terrace,mediterreanean,naxal kathmandu,1707.142857142857,0.9716139834630769
takoyaki solo,japanese,bhanimandal,298.5,0.9952582068028996
tamarind,continental,jhamsikhel,749.8125,0.9876828774765595
tamarind khajaghar,nepali multi cuisine,lazimpat,480.1235514018692,0.9922096357677773
tandoori express and pizza hub by rosewood lounge,multi cuisine,thamel,455.73426573426576,0.9926190125764548
tapas restaurant  bar,indian,battisputali,421.1244117647059,0.9931999427340639
tasneems kings kitchen,indian,damkal chowk,560.7543859649123,0.9908562384528953
tasteum restaurant,multi cuisine,chuchepatti pasang lhamu chowk,375.74074074074076,0.9939617125809989
taza restaurant,middle eastern,bakhundol,,
taza treats,middle eastern,jhamsikhel,,
terrace garden by radisson hotel,multi cuisine,lazimpat,1465.0,0.9756783776176329
terrys pub and bistro,multi cuisine,bakhundol,594.7014925373135,0.9902864325823237
thai ghar,thai,jhamshikhel,660.2529929577465,0.9891861435286847
thamel restaurantcom,nepali cuisine,thamel,611.0329824561403,0.9900123067503893
thasang ghar,multi cuisine  thakali,jawalakhel,642.84375,0.9894783595624245
the address lounge,multi cuisine,kalikasthan,804.2613636363636,0.9867689473871195
the bakery cafe  airport,multi cuisine,airport,623.2231404958678,0.9898076936238062
the bakery cafe  baneshwor,multi cuisine,new baneshwor,620.1984126984127,0.9898584640083806
the bakery cafe  durbar marg,multi cuisine,durbar marg,616.0975609756098,0.9899272972499121
the bakery cafe  jawalakhel,multi cuisine,jawalakhel chowk,620.0,0.9898617943870717
the bakery cafe pulchowk,multi cuisine,pulchowk,621.844262295082,0.9898308382441565
the bell bar  bistro,italian,jhamsikhel,1010.8536585365854,0.9833012732806997
the big chef,chinese,labim mall pulchowk,421.6756756756757,0.9931906897094495
the black gold halal restaurant,arabic  indian,durbarmarg,936.7545454545455,0.9845450349411593
the bombay club,multicuisine,gairidhara,705.6464646464647,0.9884242091765275
the brooklyn creamery nepal,ice cream,labim mall,850.0,0.9860012194084079
the burger house  crunchy fried chicken  hattiban,multi cuisine,hattiban,291.9230769230769,0.9953686011710186
the burger house  crunchy fried chicken  jorpati,fried chicken burger multicuisine,boudha,263.78205128205127,0.9958409513425998
the burger house  crunchy fried chicken  kamalpokhari,multi cuisine,kamal pokhari,295.859872611465,0.9953025216278416
the burger house  crunchy fried chicken  lazimpat,multi cuisine,lazimpat,294.90184049079755,0.995318602301032
the burger house  crunchy fried chicken  maharajgunj,multi cuisine,maharajgunj,427.587786259542,0.9930914542912269
the burger house  crunchy fried chicken  makalu kalanki,multi cuisine,kalanki,278.47305389221555,0.9955943612683028
the burger house  crunchy fried chicken  new baneshwor,multi cuisine,new baneshwor,273.7423076923077,0.995673767357041
the burger house  crunchy fried chicken maitidevi,multi cuisine,maitidevi,269.1007194244604,0.9957516769202067
the burger house and crunchy fried chicken  dhapasi,multi cuisine,dhapashi height,346.1242603550296,0.9944588284207083
the chocolate garden,bakery,balkumari  westar residency,725.0,0.9880993579837686
the chocolate house,chocolates,jhamsikhel,737.125,0.9878958385419586
the chubby buns,american,labim mall pulchowk ground floor,350.2730769230769,0.9943891900840401
the chubby chickenz,fast food,kupondole,498.3243243243243,0.9919041338176174
the city burger,multi cuisine,gwarko,406.52941176470586,0.9934449213941231
the coffee room,bakery,eyeplex mall  ground floor  new baneshwor,597.4074074074074,0.990241013507359
the delicious pizza house nepal,multi cuisine  pizza,paknajol thamel,620.9732142857143,0.989845458879592
the den restro,multi cuisine,lazimpat,456.63978494623655,0.9926038133381399
the everest hotel,multi cuisine,new baneshwor,1102.1666666666667,0.9817685745223801
the four leaf garden restaurant,multi cuisine,hattigauda,502.4264705882353,0.9918352788470727
the gardens,multi cuisine,jhamsikhel,443.1818181818182,0.9928297067718548
the grill father,grill items  chicken steak  pork chop  sekuwa  fast food,mid baneshwor,404.6350364963504,0.993476718688737
the grill nation,grill items,battispputali,422.1489361702128,0.9931827459806513
the grill park,multi cuisine,chuchepati,490.8018867924528,0.9920303987485483
the hungry owl,multi cuisine,hattisar,531.6774193548387,0.9913442984952878
the lunch box,fast food,kupondole,627.8125,0.9897306607261116
the mantra by basera boutique hotel,indian,babarmahal,984.96875,0.983735754281662
the mari cafe,multi cuisine,putalisadak  new plaza,501.576,0.9918495540882598
the ministry bar and cafe,multi cuisine,gairidhara,443.0416666666667,0.9928320592302574
the mithila kitchen,indian  nepali,narephant,367.38,0.9941020485223327
the pizza cutter,pizza,naxal,263.3173076923077,0.9958487521142262
the society fine dining,multi cuisine,chandol,746.4324324324324,0.9877396122777662
the sushi bar multifusion cuisine,asian cuisine,chhaya complex thamel,856.6744186046511,0.9858891885672677
the trails cafe,multi cuisine,boudha stupa,840.5612244897959,0.986159650280425
the urvins garden,italian,naxal bhatbhateni,667.2258064516129,0.9890691040969225
the village cafe,nepali,jhamsikhel,312.08620689655174,0.9950301608446397
the warehouse,multi cuisine,pulchowk,776.578947368421,0.9872335997505671
the wings factory  mid baneswor,multi cuisine,mid baneswor,331.02272727272725,0.9947123092935648
the workshop eatery  boudha,doughnuts  american  burger,boudha,388.32828282828285,0.993750429320016
the workshop eatery  jhamsikhel,american,bakhundole,388.5049019607843,0.9937474647486957
the yellow house,organic  healthy,sanepa,445.34090909090907,0.992793466196462
third eye bakery,bakery,tahachal,428.8590604026846,0.9930701158166704
third eye restaurant,indian,thamel,804.4444444444445,0.9867658743558727
three brothers fast food  restaurant bagbazar,multi cuisine,bagbazar,245.33333333333334,0.9961506150769529
three brothers fast food  restaurant chabahil,multi cuisine,chabahil,245.33333333333334,0.9961506150769529
three brothers fast food  restaurant maharajgunj,multi cuisine,maharajgunj,269.8666666666667,0.9957388204125621
thulo thakali,thakali  nepali,thamel,456.8301886792453,0.992600617390803
tiamo pizza,italian,pulchowk,567.3913043478261,0.9907448370570496
tip top  kamal pokhari,indian,kamal pokhari beside city center,585.4696132596686,0.9904413906786078
tip top sweets,indian,new road,651.4093959731543,0.9893345842645113
tip top sweets  kuleshwor,indian veg sweets,kuleshwor,593.8888888888889,0.9903000722228137
tip top sweets  lagankhel,indian,lagankhel,610.5182926829268,0.9900209458741295
tip top sweets  maharajgunj,indian,maharajgunj,592.5271739130435,0.9903229287565695
tip top sweets  sitapaila,indian,sitapaila,590.7608695652174,0.9903525763668735
tnt cafe and kitchen,multi cuisine,basundhara side of om complex,383.8624338624339,0.9938253890799119
traditional comfort,nepali,kamalpokhari,588.3673469387755,0.9903927519041018
triple tree garden bistro,multi cuisine,sanepa,271.8292682926829,0.9957058779311253
trisara  durbarmarg,continental,durbarmarg,572.2272727272727,0.9906636648026005
trisara  the baking factory,bakery,lazimpat,435.3333333333333,0.9929614444424046
trisaralazimpat,oriental,lazimpat,594.1346153846154,0.9902959476768963
trishna tandoori food cafe,multicuisine,midbaneshwor,307.3333333333333,0.995109938343574
triveni tandoori foodland,multi cuisine,boudha thushal,421.79802955665025,0.9931886359862693
ts your palate,american,thamel,386.7391304347826,0.9937771034155275
turkish kebab  pizza hub,turkish food,bhanimandal,744.5,0.9877720483660123
twakka momo,momo,kupondole,212.4390243902439,0.9967027496249796
twenty forty,multi cuisine,old baneshwor,552.2297297297297,0.9909993257336052
ug cakes,bakery,mid baneswor,2913.902380952381,0.951358393798367
ug stick food and momo house,fast food,tinkune,246.55737704918033,0.9961300693702478
uncle roys fish  chips and salads,fish  chips  salad  continental,jhamsikhel,601.3809523809524,0.9901743171234396
union mexican grill and pizzeria,pizza  mexican,bakhundole,472.10526315789474,0.9923442236067617
urban press  spice,multi cuisine,kupondol,698.125,0.9885504577774712
utpala cafe,indian,boudha,295.0,0.9953169546830096
valley xpress,fast food,balaju,603.0,0.9901471412333207
valley xpress  chabahil,fast food,chabahil chabahil kl tower,577.9830508474577,0.9905670534417591
valley xpress  khadaghari pepsicola,fast food,kadaghari  near by suncity apartment opposite of nabil bank,593.2459016393443,0.9903108648336275
valley xpress  pulchowk,fast food,pulchowk,588.9344262295082,0.9903832334166204
vera pizza  boudha,pizza,boudha,678.4888888888889,0.9888800520350095
vera pizza durbarmarg,italian,sherpa mall durbarmarg,663.0,0.9891400347171475
vera pizza thamel,italian,mandala street,671.925,0.9889902276228667
vesper fine wines,wine,jhamsikhel,9905.263157894737,0.8340076438754311
vienna bakery,bakery,bhaisepati complex,198.58695652173913,0.9969352580885271
villa 72,multi cuisine,uttardhoka lazimpat,723.1052631578947,0.9881311613474373
villa everest shangrila,korean  asian,thamel kathmandu,802.0909090909091,0.9868053787023825
vino bistro,continental,lazimpat,802.3188405797101,0.986801552847589
vivanta kathmandu,multi cuisine,jhamsikhel,1160.6810035842293,0.9807864050223929
vootoo,newari cuisine,bhagwanbahal thamel,559.8863636363636,0.9908708083019497
walnut bistro,multi cuisine  nepali,pani pokhari,547.9673202614379,0.9910708707394403
watering hole,continental  more,naxal,501.94444444444446,0.9918433697082457
wellness organic club,multi cuisine,uttardhoka lazimpat,587.5526315789474,0.9904064269898969
wimpy restaurant,fast food multi cuisine,durbarmarg,520.8411214953271,0.9915261869317129
wo chhen authentic newari kitchen bara ghar,newari cuisine,tankeshwor chowk,209.63253012048193,0.996749856936091
wok n roll,asian,kumaripati,367.1929824561403,0.9941051876321171
wok story  kupondole,multi cuisine,kupondole,560.78125,0.9908557875371489
wok storymid baneswor,multi cuisine,maitri tole mid baneshwor,559.0277777777778,0.9908852197588309
wok up thai inspired kitchen,thai,jyatha,405.61224489795916,0.9934603161395884
wood fire house pizzeria,italian  pizza,nepaltar machha pokhari,424.4230769230769,0.9931445742811361
wood fired pizza,italian,ekantakuna,441.6363636363636,0.992855647394241
world of burger  kupondole,multi cuisine,kupondole,416.96666666666664,0.9932697309370776
world of burgersmid baneswor,multi cuisine,maitri tole mid baneshwor,415.82758620689657,0.9932888505263022
wunjala moskva,newari,naxal,634.0555555555555,0.9896258703605978
xi thang chinese cuisine,chinese,sanepa,590.7142857142857,0.9903533582818705
yasumi japanese restaurant,japanese,durbar marg,1131.132530120482,0.9812823793585314
yellow pomelo,multi cuisine,jhamsikhel,541.7653424657534,0.9911749716102936
yeti burgers,burger,swayambhu kimdol chaunni hospital marg,360.37142857142857,0.9942196881549124
yeti pizza and cake,italian pizza,old baneshwor,728.060606060606,0.9880479853786507
yin yang restaurant  bar,thai,thamel,942.2426470588235,0.9844529165597078
yo boba cafe,bubble tea,jhamsikhel,319.5744680851064,0.994904469567343
yomari corner,newari nepali  local,lazimpat,322.5,0.9948553641964303
yum yum cafe,asian fusion  pan asian,jhamsikhel,906.1214953271028,0.985059214014386
yun kitchen,chinese,panipokhari lazimpat,1072.4,0.982268211255126
zen bistro  cafe,asian fusion,basbari,847.3853299492386,0.9860451069291706
zhong hua,chinese,thamel,755.4710714285713,0.9875878977405937
zobhanas momo,momo,anamnagar,230.36507936507937,0.9964018588454057
zobhanas momo  gairidhara,momo,gairidhara,252.78787878787878,0.9960254897219133
